business_name,phone,website,rating,reviews,address,price,user_review,serpapi_thumbnail
The Urban Hideout,+65 8879 9722,http://theurbanhideout.com/,4.5,371,"60 Springside Walk, #01-05, The Brooks I, Singapore 786020",,,https://serpapi.com/images/url/wFvZhXicDcPbboIwAADQL6rIvECX-OBlUVQ6tZmEvphZm5aKvQPT7_Mn_Jt5kvN6ihCM_4yiWgx6XGtes8YzR7UKTIUe1beIGw-oBz6azqEYKpvVf4XhDQJgkdiRJC2sSiKJL-6OzHYujZFN4uxykt8OozzmaGVTvDZYnO4wPOB52qS_g4O75uuyMxnP5WKOxLn9WlopWXcZ_mB82Cd7NqZlivobJ-k2Jo9arLZFJd3RtSpUu0kHP4B4vwKl_wHWMEWn
Wildseed Caf√© at The Summerhouse,+65 8126 7524,https://www.wildseedcafe.sg/the-summerhouse,4.3,3546,"3 Park Ln, Level 1A, Seletar Aerospace Drive, Singapore 798387",$$$,"""Cosy place that‚Äôs pet-friendly with great food and friendly service staff.""",https://serpapi.com/images/url/kZx1GnicBcHdboIwGADQJ6ogP44u8QIwBrI6MYsTvCEDSyvQfsBXcfEFfQbfxnNeT2nMgJ-W1Ut3IQBEz2_Ipxq04dosalCWGJDUSNAKYyo9Dbq4lLvTaFYfVTLEPh4gdfJTxngLiMe9f-Z5mU_eVelsyfq0k_z2F01lGE1yDvnGLipWmr3djki_cUfxYTOq6BbSf3QuSdDxqn2o6Mf33OO9Y42orkHzpebfYohVJubxcN64fhyu74FN5NJzSEc0vAHRtEZR
Venusology Cafe,+65 9368 9050,https://instagram.com/venusology_cafe?igshid=YmMyMTA2M2Y=,4.6,219,"The Guild international College, 318A Tanglin Road, Phoenix Park, Singapore 247979",,"""A beautifully aesthetic and spacious dog caf√© with a warm, welcoming vibe!""",https://serpapi.com/images/url/0gKZM3icBcHdEoFAGADQJ1pRdsmMC3byU1KNSN2YZlVL2cW3Wno_D-FtnPP7cqXuMDGMhlu9SsqqKV5QPJkUqhCqx-TNqO6AGCAwZtTmQ_E4lypOU4c4ZUZx4Amrvl4OabvO842X6PlG7EqGcNBEhe6gWdpHPnqDv29jyLuVDHwKiYzDrXmZRaPOxNsFSaNwT-q6PFH3eLNd88OytZ8Ms4V6uNr1opBjp1UBHltUzzs1MAWZ6nEf8UGfoBoJ-Qf0nkRH
Wildseed Caf√© at The Alkaff Mansion,+65 8126 8484,https://www.wildseedcafe.sg/the-alkaff-mansion,4.5,2935,"10 Telok Blangah Green, Singapore 109178",,"""Very dog friendly, lovely ambience, staff are very dog loving""",https://serpapi.com/images/url/iKXfMnicBcHdbsIgGADQJ8JWSrUs2YXWWFs3pcncjzeEdgyC9kOByuYL7hn2Njvn71eHcPEPSXLW2URZq85y9NL1FoKEMOntkKiLR71HPlmUVBNwXDoybex3rWuyN5m5pvmSRoZ_VLkaTd-O-ftsWW58i-HpVvAxvHCB30BuiYBnydc7FZlgh_us-TxeBxJYNPVH6OihiWsxxzHbBbcZ0tztTXWbO1bA9khFW1l-qmLx1XXFK9xXi8c4TXOkKUYnBPYfYQdFew
Sun Ray Cafe,+65 8909 8458,https://www.sunray.sg/,4.2,1259,"79 Brighton Cres, Singapore 559218",$$,"""Cosy all day cafe that gives good food and is pet friendly.""",https://serpapi.com/images/url/wzJ1SHicBcFbcoIwFADQFV1BxQk40w8sHXnF8UGB8ONowGQaTFKTCro-N-Fues77xa3VZuk4PZ9PmFKs7_5Md6NK2k7aCVVXh2kD1IBxws-Ae1J9PbBa2KEYKTv4SUb2YX8pZlkTiTRmcXfyB8K1zKe_q6I8x20P5CiqWu_gjpr2iTf-tVxdUDjXD7SlgRmQiEY4_owEPfOcfFv3RM6NK-pduU6SsbY8wu42rVDa4o3Gi4yBB-nHEHjAgxkIkOofpiVDyg
OMD Caf√© & Bar,+65 8783 3494,,4.7,218,"12 E Coast Rd, Singapore 428723",,"""Atmosphere was chill, cafe was clean despite dog friendly.""",https://serpapi.com/images/url/Zs0hmXicBcHbkoIgAADQLyJ1vCQ704OV2WXRrbFgemkSDcYQKHBp-r_9iP2bzvn_49Zq8-V5gocTphQT3Wi6J1XSdtJOqBo8pg2gBhgvW0AeSb1a47jcuHRu3Ua71vQZoBdFHqQkiw4U6lCd8a-OBMV0RfTlmMcjmsZYFhK-1NvA6w8i9GE5F2O4tLjIgv2NjVUjWOgaiCNR9-ienHOcJs0e8e0w7LaujloYtn3janT6rspg5lIf8MBPwB1I9QEewUUS
Plain Meredith,+65 8139 8849,https://www.plainmeredith.com/,4.8,781,"7 Holland Vlg Wy, #02-23/24, One, Singapore 275748",,"""Very nice environment and dog friendly cafe with delicious food""",https://serpapi.com/images/url/CSmWQHicBcFbjoIwFADQFVVCeVkTPwQNiIOKkEH9mTClaQNMK9xqlQ26Bncz53zeQusbLCyrF86MK8V7dgc2UiU1k3pG1Z_Fb4AoILBWERGuHE911Iz5ESd2YW8E7uiUf7cbAtCn0Tasu2F6Ct8cDUeBQ6-j682r-eB6YRGHrPR_V9e84dXz_PLyS9wYtv7Rp2nnXFzI_MlkVRLG6b7NSixS-bXGvE_EIWhIRiAeyqJIUFm16vwwS2P7DhIEow5J9Q8VTERz
The Garden Slug Family Restaurant (Pet-Friendly Seating Available),+65 8895 9059,http://thegardenslug.com/,4.3,532,"55 Lor L Telok Kurau, #01-57/59, Singapore 425500",$$,,https://serpapi.com/images/url/v8wLCnicuxmXUVJSUGylr5-TYayXnp-fnpNaWpxalJyfV5KaV6KXnJ-rX6Dv6GYYmFngV-GSapmbXGFm4Z1rWJzslltV4BgYbxTgmRToZZadWRSemuWYampbbmGgm2FoYKabrZuXDwCwJiFm
Menage Cafe,+65 9669 8372,https://m.facebook.com/MenageCafeSG/,4.4,466,"6 Sin Ming Rd, #01-01/02, Singapore 575585",,"""Environment was really pet friendly, my dog was allowed to roam freely.""",https://serpapi.com/images/url/sSry_3icBcHbDoIgAADQLyKvS2nrwWxTQS1Wbs3HvOAVUKiof-tD-pvO-X07pYTcGcbUORvKOZ2ah2zWijPVMLWp-GxQIUElgTSCEHYuW59Y4bz0TzORNWIXTLK7Ny00MsujTA5O7esSO64J06Mdp9zkQU20mBFtP2eyvnBUxMG7YDoRoxeh3NLDUiJFPhqyNWSHbQjjNmiFV_MU9Le7LTWaz9nSD88RXPH-Zfku6KANRsD4H6ZAQig
Meomi Cat Cafe,+65 6296 0339,https://www.facebook.com/meomicatcafe,4.6,681,"668 N Bridge Rd, Singapore 188801",$$,,https://serpapi.com/images/url/Cs2v3XicBcFbcoIwFADQFQWEYCrO-BGUqVrEB0VqfhwmxCQFudEgDm7QNXQ3PefvrbrO2KnrNgo7EkA24mHFnUPbibZzOFxdaSziFlmXzkMVtDd2p2sTMwGDGcwxZlm91OPVkNKDr-d9-tHn0QD9i1heJuq12XqPC64-S40novK3zWWldiMS0n2SnZIoAv5bnxakOH_DJNDHXfDFigz8Kr3mJvo5eDUuZE6ffEnKXstkPWKFtvtqIWdPj2CkQh_VqIV_mfFFYQ
"NAYANA Kpop Cafe & Restaurant@Flora Vista, nice Korean food@AMK Singapore, Outdoor Pet friendly, vegetarian options",+65 6581 0339,https://www.yuppylicious.com/,4.7,970,"7 Ang Mo Kio Street 66, #01-13, Singapore 567708",$$,,https://serpapi.com/images/url/WqCWZ3icuxmbUVJSUGylr5-TYayXnp-fnpNaWpxalJyfV5KaV6KXnJ-rX6Dv6GYYmFng5xpeaGnkXWxQaaSbl56d7FwenhOVlefuUWaSHR7oW-DtUeFTGGFbbmmkmwHE2bp5-QCJ9yFT
Seng House ‚Äî Hainanese-Western Caf√© in Tanjong Katong,+65 9182 6388,http://www.senghouse.sg/,4.4,631,"214 Tanjong Katong Rd, Singapore 437007",,"""It's a new pet friendly cafe with great atmosphere!""",https://serpapi.com/images/url/KAy2OHicuxmXUVJSUGylr5-TYayXnp-fnpNaWpxalJyfV5KaV6KXnJ-rX6Dv6GYYmFkQUFyVZO5SnFJuHhafk1he6BhZVZofnOzkEuhjFBpulOgeFB-aW2RbbmhkoJthaaSbrZuXDwDGcCHs
The Barking Bean,,,4.5,175,"2 First St, #01-02, Siglap V, Singapore 458278",,"""A lovely dog-friendly cafe that serves contemporary brunch food.""",https://serpapi.com/images/url/H-3Ai3icBcFbcoIwFADQFV0xECs64wexqc5YNfgYiD8diYRgIQETUBboIrqbnvP3Vs41du55lQpGhTFFlXc2fwijXa7dSJjaKxoLwoL1ouVMYd0E9CT7FWJkOTwkpdovHW8nmNmYJHG_Rs4_J7fBbKme4imr8dfhHFKewXePZgHCm5TIq10BiwhpYU99nkQ_l0MGJ1mmKo-Eoll6WbevurxvwE93n0cuJLuGVXxvOa9Y16l-WDzDMSg0_oBf0OYfImhDUQ
The Dempsey Project,+65 6475 2005,https://thedempseyproject.com/,4.5,2864,"Block 9 Dempsey Rd, #01-12, Singapore 247697",,"""A pet friendly place with good food and amazing staff that loves dogs!""",https://serpapi.com/images/url/_1pMNnicBcHbkoIgAADQLyJ1sohmeuii3daKjWYnXholF2ZUEMHAfnC_ob_Zcz5_wtrWzIOgFuMRV4rXZW_KjilpS2lHTDUBbw1gBphguUYilho-2TC5D0jBX0iJ9EuUnaMdR0n8yrMNez9-9lnS-X79_k5F3Ex1JSr8RaPd6Xp9uTTFGtwH0efZ018gko8EH26uXTXVcTNsISIUN5fjakIirUJdu8LkmNeWdo7dCk9ogf2MbE9u4WYhEFE4BRWQ6h-IvEZi
Four Paws Pet Shop & Cafe,+65 8182 2364,https://fourpawssg.com/,4.7,456,"144 Upper Bukit Timah Rd, #04-12, Beauty World Centre, Singapore 588177",,"""Very nice and clean pet friendly cafe.""",https://serpapi.com/images/url/4161PHicBcHdboIwGADQJyogP1VMdqHExjE6NEgt3BiBppUhVT-wjufzJfY2O-fvrYbhBkvb7pRnSa1lJ0YQj1r3g-gHq9ZXW94A1YDAXkWh8nsd-vSbxGTjgIthIeg5QC1L0rjx5lk5Fr-iuEzTxWG7F__sEk9IathulmyrQ2WadZ2QFIeKB64K8N5tWRmfcs6f5R3c_JzyYxRlVJH75AtozFcemn0OTGZTW8zlSPD1sabZ6sMsHKRmDkY_qNf_CoRDbw
Lola's Cafe,+65 6284 0349,http://lolascafe.com.sg/,4.4,2303,"5 Simon Rd, Singapore 545893",$$,"""It's a small pet friendly cafe with lots of diners.""",https://serpapi.com/images/url/JZmDkHicBcHbDoIgAADQLyIpL2VbD5blJdesli1fnJGgQeAAl_GDfUN_0zm_b6t1r5aWxVp7QoQgrBlUI5HguuF6gsTLIr0CSAFlBRu_dbhMxqSyqXfGMquGqotv17gL8EuuA_epj9DFaVhemDnIpMYzhxeL515CvEUjoCZi1wZ14J7WIvTmhReVgPp179yYzuGbzHN7Fx1nJ2nMRWo6hvttBn0_7D8RXe8eaZqXRWzcPLsPZPVeQNBOoQco4OIPWlBE6Q
My Awesome Cafe,+65 8798 1783,http://www.myawesomecafe.com/,4.7,6720,"202 Telok Ayer St, Singapore 068639",$$,"""The vibe is really chill, and the crowd is here pet friendly!""",https://serpapi.com/images/url/DKUFiXicuxmbUVJSUGylr5-TYayXnp-fnpNaWpxalJyfV5KaV6KXnJ-rX6Dv6GYYmFngb5zoG1wYGp_sW2qZZBRv4OgbFenn4mSW7mHpU1CZ6WbiVeVlbmpbbmmim2FppJutm5cPAHETIDw
What The Pug,+65 6293 3350,http://www.beau.com.sg/,4.4,251,"80 Haji Ln, Singapore 189271",,"""Lovely dogs, entry fee includes a photo with dogs and a drink :) had fun!""",https://serpapi.com/images/url/wASQ6HicBcFdboMgAADgE1E7bKMu2QMxtVadP8WZjjexDLpRoEI3xwV3ht5m3_f4E84Z-xwEUoQrrjWX7G7ZPGnlmHKrSV8DbiyYLLABShOxUcYcZDEhXI9nlhOfx01Rpd11THfQCYKOsvfpXn7PYdZ2OMkzfeMU_9bllpa08KrnN8Gaj3Z5izfhnezGnAzm9X07OKw-98uRVKfL2KII0iVDcwn7KIujah0STkmXDL5Z1x6fT5K__DxBCEQCwRdQ-h9n_kTv
W39 Bistro & Bakery,+65 8807 2421,http://www.w39bistro.com/,4.3,848,"39 Jln Mas Puteh, Singapore 128637",$$,"""This is a cosy dog friendly cafe in a nice quiet neighbourhood!""",https://serpapi.com/images/url/D_RltnicBcFRboIwGADgE_0iIAyX7IGgw7TiAkRQX4xraqsDWmgtdBf0DN7G73s9udZSfTpOw_0ZE4I19KHoQESnaadnRLQOkwqIAuXEyZIvuqGHSB-0nbbJSnnDfJ-VcDSIISqa5mjOZiwwJVjmXBbcTIBd67v_a1fWfUqvH9CT8H4Q6428_aa1Nz6SNCN24pc84H6esEmFYdleNlEL2iB731X4B43bLKAYp4vi25ZVjOpTFH-NbhACX3rwB514A9FzRc4
Little Part 1 Cafe,+65 6909 8354,http://www.littlepart1cafe.com/,4.6,556,"54 Blair Rd, #01-01, Singapore 089954",$$,"""Pet-friendly and good quality food.""",https://serpapi.com/images/url/xX2733icBcFbjoIwFADQFVVCBbWTzEfF98TQGRyYPyMFejP2QehFlA26BnfjOa8nILb-Iwg0TCfKOaXr3teddBZrixPpTKBaT6QnPuAJg8h2zRCKBvo7IM3O7XhdLE-_fzwu75d0u6gAZnE8DhtV8Z57drzQdlWbA9e7oYh0iXiTyG_a9DovpmuW7aPyUXTnfRV5Jsx_mRhlaCPms5ykoxWkY4mey2O-RC2S7OdrU0D4SNPD9-cQUkqAUXIl1r0B1rxF6w
Lola's,+65 8863 6515,https://www.lolascafe.com.sg/,4.4,519,"48 Lor Mambong, Singapore 277699",$$,"""Outdoor tables are pet friendly.""",https://serpapi.com/images/url/bwCzYHicuxmXUVJSUGylr5-TYayXnp-fnpNaWpxalJyfV5KaV6KXnJ-rX6Dv6GYYmFngF-mYVpGe6V9klBUa4esRHOSZl2YeGpDom-GW5ByVH2EaWlLoWWVbbmhqoJthaaSbrZuXDwC0YiGf
PS.Cafe Katong,+65 6708 9288,http://www.pscafe.com/,4.3,638,"112 E Coast Rd, #01-01/02/03, i12 Katong, Singapore 428802",$$$,"""Dog friendly at the outdoor patio, big plus!""",https://serpapi.com/images/url/F2uWzXicuxmXUVJSUGylr5-TYayXnp-fnpNaWpxalJyfV5KaV6KXnJ-rX6Dv6GYYmFngX5zu6BaQGZRm7ptV4JxvUODmXBWUlBNmWZSX4h1lnFSZk-QSFGBbbmGgm2FoYKCbrZuXDwC1gCGe
The Brewing Ground,+65 8313 6092,http://www.thebrewingground.sg/,4.5,844,"406 Joo Chiat Pl, #01-24, The Yards, Singapore 428084",$$,"""Delicious food with generous portions at a lovely dog friendly cafe.""",https://serpapi.com/images/url/CNieB3icuxmXUVJSUGylr5-TYayXnp-fnpNaWpxalJyfV5KaV6KXnJ-rX6Dv6GYYmFnga5bh5GocH-ltWOybapHu5VxoUpqbF1SQ4m6QEVhclhYcGGzqZGlbbmGgm2FoYKabrZuXDwCZ7yDh
"Little Farms Bar+Grill, Serangoon Garden (Restaurant)",+65 3158 7041,https://littlefarmscafe.com/pages/little-farms-bar-grill-serangoon,4.5,445,"1 Maju Avenue, Serangoon Garden Way, #01-09/10/11, MyVillage at, Singapore 556679",,"""Excellent food, service and dog friendly atmosphere.""",https://serpapi.com/images/url/IEit-XicuxmXUVJSUGylr5-TYayXnp-fnpNaWpxalJyfV5KaV6KXnJ-rX6Dv6GYYmFngb1Ga4h9k6BpvWuHi7l7p41RaYpaTVxaVEe_tnxSRWhmSGFmYmGZbbmGgm2FoYKabrZuXDwCyySHa
Bee's Knees at The Garage,+65 9815 3213,https://www.beesknees.sg/,4,1745,"Cluny Park Rd, Level 1, The Garage, 50, Singapore 257488",$$,"""A very dog-friendly cafe with relaxed outdoor seating.""",https://serpapi.com/images/url/XWHIeHicuxmXUVJSUGylr5-TYayXnp-fnpNaWpxalJyfV5KaV6KXnJ-rX6Dv6GYYmFngn-EfYRycVmCa5emtaxyRF1ZREmQcUZKSmB5uXJntFu4Z6mMYlGVbbmhsoZthaaSbrZuXDwCl-CEy
Into The Woods Cafe,+65 6996 7601,https://www.facebook.com/p/i2-The-Woods-Cafe-100023430863884/,4.3,270,"26 Jln Kelulut, Singapore 809043",$$,"""A pet friendly cafe.""",https://serpapi.com/images/url/eN-dv3icuxmXUVJSUGylr5-TYayXnp-fnpNaWpxalJyfV5KaV6KXnJ-rX6Dv6GYYmFkQkOuVlZnpW-ldVVnk5hZvaeYfYhhfVlipa5AbUhxSUFxuWlVR5mRbbmhkpJthaaSbrZuXDwDIQSI7
Stray Cafe,+65 8017 8729,,4.6,128,"2 Jln Lokam, #01-51/52, Kensington Square, Singapore 537846",,"""Each table is fenced so pets can roam within and not risk dog fights.""",https://serpapi.com/images/url/qFKsg3icuxmXUVJSUGylr5-TYayXnp-fnpNaWpxalJyfV5KaV6KXnJ-rX6Dv6GYYmFngZ-qcFpFaGVgVEe5UmR9s7prrFOBV5GVo5O1b6ZftY-mSXFDp62hbbmGgm2FoYKabrZuXDwCnqiEg
PRAIRIE by Craftsmen (Joo Chiat),+65 6951 3796,https://prairie.sg/,4.3,808,"462 Joo Chiat Rd, Singapore 427674",,"""good food, pet-friendly (the outside at least) and cool place to chill!""",https://serpapi.com/images/url/aRTbZHicuxmXUVJSUGylr5-TYayXnp-fnpNaWpxalJyfV5KaV6KXnJ-rX6Dv6GYYmFkQEBmSWOBfEBVlGu_onJyaHxIeZFkU4GaaUx4ZblzlkxNkUZKWlWxbbmGgm2FoYqSbrZuXDwC0DyGi
Daizu Cafe,,http://daizucafe.com/,4.1,579,"129 Rangoon Rd, Singapore 218407",$$,"""It has both outdoor (pet friendly) and indoor seating.""",https://serpapi.com/images/url/8Qh9AnicuxmXUVJSUGylr5-TYayXnp-fnpNaWpxalJyfV5KaV6KXnJ-rX6Dv6GYYmFkQkGhg6G1UZFEcbliWnm_p5mWUHZqfVuhVml1UblLsE-hSkpValmRbbmGgm2FoYqSbrZuXDwCpliGt
The Bark Cafe,+65 8281 2125,,4.1,1236,"1000 Upper Changi Rd N, Singapore 507707",$$,"""Love the open air seating and the pet friendly atmosphere.""",https://serpapi.com/images/url/6b5ZCnicuxmXUVJSUGylr5-TYayXnp-fnpNaWpxalJyfV5KaV6KXnJ-rX6Dv6GYYmFkQYBxflZpTmVXkl1fpUZwZlB6Znu7l6O1sGuCXb-7sFxZmFOJpVmBbbmGgm2FoYKabrZuXDwC_mCF1
Earlybird,+65 9788 6856,https://www.facebook.com/earlybirdcafesingapore,4.5,729,"17 Jln Pinang, Singapore 199149",$$,"""Went to this pet-friendly cafe with our dog on Sunday morning.""",https://serpapi.com/images/url/Wwvpa3icuxmXUVJSUGylr5-TYayXnp-fnpNaWpxalJyfV5KaV6KXnJ-rX6Dv6GYYmFkQ4Okf7J7haqHrmpUYlZxm4u_pmZgX5mtYZOjiVVBulhVYpVuZnmJbbmhkpJthaaSbrZuXDwCVaSDq
FLOCK CAFE,+65 6536 3938,http://flockcafe.com.sg/,4.1,919,"01-25 Tiong Bahru Estate, 78 Moh Guan Terrace, #01-25, Block 78, Singapore 162078",$$,"""Good food, quick service and pet friendly cafe""",https://serpapi.com/images/url/IBGLFXicuxmXUVJSUGylr5-TYayXnp-fnpNaWpxalJyfV5KaV6KXnJ-rX6Dv6GYYmFkQkGTuWOJvnOLmG-Aanl_kZZ6TW5EekJ9cYOya759p4FhgbFLhn29bbmhkpJthaaSbrZuXDwCnOCFD
"Wildseed Caf√© at 1-Flowerhill, Sentosa",+65 9630 3287,https://www.wildseedcafe.sg/1-flowerhill,4.6,102,"6 Imbiah Rd, Singapore 099696",,"""Surprisingly good brunch food and dog-friendly as well.""",https://serpapi.com/images/url/xIl_anicuxmXUVJSUGylr5-TYayXnp-fnpNaWpxalJyfV5KaV6KXnJ-rX6Dv6GYYmFkQ4Fbi5-lV5WGerevn6pZmHB-QmJFtUOAVHuLlGZnjaJBVnhlYWGFbbmGgm2FoYqSbrZuXDwCeZSEp
A Beautiful Day Caf√© Tea Room + Cocktail Bar,+65 9384 8401,http://abeautifulday.asia/,4.2,271,"2 Paya Lebar Rd, #01-09, PLQ PARKSIDE below, Parkplace Residences, Singapore 409053",,"""It‚Äôs rare for dog-friendly cafes to serve up actually tasty food fr.""",https://serpapi.com/images/url/nrE2-XicuxmXUVJSUGylr5-TYayXnp-fnpNaWpxalJyfV5KaV6KXnJ-rX6Dv6GYYmFngZ16WaWTmEaDrHZCS5ekZ7G2Z5uKUm5qf5-Nk5moa7FQaFuTpYWBbbmhkpJthaaSbrZuXDwCFYiAm
Snow Pawttage,,https://www.instagram.com/samoyedcafe.sgsnowpawttage?igsh=MW9kYXd6Mnp3OTdvYw==,4.9,205,"723 Geylang Rd, Singapore 389634",,"""... interactive and the place is clean, dogs & owner/staff are friendly.""",https://serpapi.com/images/url/jIWVTnicuxmXUVJSUGylr5-TYayXnp-fnpNaWpxalJyfV5KaV6KXnJ-rX6Dv6GYYmFngX26W65IUVh6Y6-Xk6VVa6O5nGO_tbRlQkVwVFZXqGB5RYulsmmZbbmGgm2FoYKabrZuXDwCtDyFC
MERCI MARCEL TIONG BAHRU,+65 6224 0113,http://mercimarcelgroup.com/,4.7,3261,"56 Eng Hoon St, #01-68, Singapore 160056",$$,"""Nice dog friendly cafe with good food.""",https://serpapi.com/images/url/mAtnf3icuxmXUVJSUGylr5-TYayXnp-fnpNaWpxalJyfV5KaV6KXnJ-rX6Dv6GYYmFkQEBYSEBXv6u1nXlTsVBmSY55TGVbkVpiakavrnpoSYBxmmW1Y7GVbbmhsrpthaaSbrZuXDwCxbiFy
Le Jardin: Caf√©,+65 8870 9977,http://www.lejardin.com.sg/,4.2,1014,"5 Cox Terrace, Level 2, Fort Canning Arts Centre, Singapore 179620",,"""Love the decor and the fact that it is dog-friendly!""",https://serpapi.com/images/url/DxfI4XicuxmXUVJSUGylr5-TYayXnp-fnpNaWpxalJyfV5KaV6KXnJ-rX6Dv6GYYmFngm5ieVRXoFlLmWJHsYmSa7ZVtlpXrnZMZ5RdZapJcEOqU4hJgGGFbbmGgm2FoYKabrZuXDwC3WSF5
Chye Seng Huat Hardware,+65 6299 4321,http://www.cshhcoffee.com/,4.3,2683,"150 Tyrwhitt Rd, Singapore 207563",$$,"""Great pet-friendly coffee (and beer) place to relax and have a snack.""",https://serpapi.com/images/url/doQBtXicuxmXUVJSUGylr5-TYayXnp-fnpNaWpxalJyfV5KaV6KXnJ-rX6Dv6GYYmFngn59vFuHjYuKdHK5raegZalKYH1BUbB7sWhbhH2qc7G1eGOEZ7mJbbmhsrpthaaSbrZuXDwCO9CCF
PRAIRIE by Craftsmen (River Valley),+65 6966 2480,https://prairie.sg/,4.4,410,"486 River Valley Rd, Singapore 248370",,"""Pet-Friendly outdoor seating.""",https://serpapi.com/images/url/yfLv53icuxmXUVJSUGylr5-TYayXnp-fnpNaWpxalJyfV5KaV6KXnJ-rX6Dv6GYYmFkQEO5X4pNelBgeH1_s6J9V5J6SHxQe6eaZmmuk62HqkZKrmxoQGG5bbmGgm2FoYKabrZuXDwC2HyFV
Little Part 2 Cafe,+65 6909 3740,https://www.littlepart2cafe.com/,4.6,76,"BLK 106 Clementi Street 12, #01-38, Singapore 120106",,"""Is a pet friendly cafe and food is yummy.""",https://serpapi.com/images/url/6Q3xxHicuxmXUVJSUGylr5-TYayXnp-fnpNaWpxalJyfV5KaV6KXnJ-rX6Dv6GYYmFngm19V4OSabVhWlO9TlBEWZBCfapCbHmUa6u2R7VEcFWoWX55qZGxbbmGgm2FoYKabrZuXDwC61yF-
FlagWhite,+65 9894 9882,https://www.flagwhitecafe.com/,4.5,1029,"106 Jln Jurong Kechil, Singapore 598604",$$,"""Awesome food coffee reasonably priced and dog friendly""",https://serpapi.com/images/url/TTQ8lXicuxmXUVJSUGylr5-TYayXnp-fnpNaWpxalJyfV5KaV6KXnJ-rX6Dv6GYYmFkQkF6clpdS6pIdEJFiZBxfVpobXlnm7RFRmZVvEm9s5JFm5ONUZWBbbmhmrJthaaSbrZuXDwDGZCG9
Stellar Kitchen Bar,+65 9278 1310,http://www.stellarkitchenbar.sg/,4.3,785,"15 Science Centre Rd, Singapore 609081",$$,"""... took the window seats and had our dog in sight, so it‚Äôs pet friendly.""",https://serpapi.com/images/url/DHh1qnicuxmXUVJSUGylr5-TYayXnp-fnpNaWpxalJyfV5KaV6KXnJ-rX6Dv6GYYmFngW1ZibOJjmBEVFRkYFOWTkWiZ55STHuSe7ZPoHxzhnesYEFWSZGpbbmGgm2FoYKCbrZuXDwClrCEn
Surrey Hills Grocer - VivoCity (Pet Friendly),+65 8189 6392,https://www.surreyhillsgrocer.sg/,4.7,760,"1 HarbourFront Walk, #03-02, VivoCity, Singapore 098585",,,https://serpapi.com/images/url/15JxAXicuxmXUVJSUGylr5-TYayXnp-fnpNaWpxalJyfV5KaV6KXnJ-rX6Dv6GYYmFng71iY5GuZpeud7xsZnOfp42-anlpm6RmZnuRjXuGdaW4c6eyUEWZbbmGgm2FoYqSbrZuXDwCcGSDL
Kith Caf√© West Coast,+65 6041 0548,http://www.kith.com.sg/,4.3,334,"123 West Coast Crescent Located within Seahill, #01-17 Oasia Residence, Singapore 126779",$$,"""Also pet friendly cafe + a playground for kids too!!""",https://serpapi.com/images/url/HYFN9HicuxmXUVJSUGylr5-TYayXnp-fnpNaWpxalJyfV5KaV6KXnJ-rX6Dv6GYYmFkQUJpTnFkSUOpanBzlX-BS6ZLrE5WXYpoWVBRfmO8Tlp7jG5jjnmdbbmhkpJthaaSbrZuXDwDdPyKp
Folk Yard,,,4.4,430,"51 Upper Serangoon Rd, #01-59, Poiz Centre, Singapore 347697",,"""Nice cafe, dog friendly, lovely banana bread and coffee""",https://serpapi.com/images/url/jU2s_nicuxmXUVJSUGylr5-TYayXnp-fnpNaWpxalJyfV5KaV6KXnJ-rX6Dv6GYYmFkQ4OwUZeJtFBKRlu6dY-7rXhyRmO5n4BKQExEammPqXpkb7xWZ5GdbbmGgm2FoYKabrZuXDwCWBSDk
On Pause,,https://www.instagram.com/cafe.onpause/,4.5,75,"37 Lowland Rd, Singapore 547440",,"""Cafe is pet-friendly and roomy enough for dogs to be around.""",https://serpapi.com/images/url/eELvBHicuxmXUVJSUGylr5-TYayXnp-fnpNaWpxalJyfV5KaV6KXnJ-rX6Dv6GYYmFngbxqUlRWWFuoaFOmUZOTllG1RFRDs454R4eIcFFCcXGJSkm2pa2ZbbmGgm2FoYKabrZuXDwCaEiC4
PRAIRIE by Craftsmen (Cluny Court),+65 6972 9142,https://prairie.sg/,4.2,1295,"501 Bukit Timah Rd, #01-05C, Cluny Court, Singapore 259760",,"""The outdoor seating is cosy and this place is also pet friendly.""",https://serpapi.com/images/url/GYDOz3icuxmXUVJSUGylr5-TYayXnp-fnpNaWpxalJyfV5KaV6KXnJ-rX6Dv6GYYmFngX2VsWpzrVlpaGuXrWRRlHpzoHJZSEJ8SUOZVlFwSHxSR653pU2lbbmGgm2FoYKCbrZuXDwDIjiJF
The Caffeine Experience | TSV,+65 8862 6433,http://www.theofficialtce.com/,4.5,47,"1 Vista Exchange Green, #01-21, The StarVista, Singapore 138617",,,https://serpapi.com/images/url/1XnM0XicuxmXUVJSUGylr5-TYayXnp-fnpNaWpxalJyfV5KaV6KXnJ-rX6Dv6GYYmFkQEBScEVpRnmJYFVjsG1Qa4ZPolVbgFhbg4xbvZBngkl_l51hcYGhbbmGgm2FoYKabrZuXDwC7uSGb
Free the Robot,+65 6438 1836,http://www.freetherobotcoffee.com/,4.4,821,"118 Telok Ayer St, Singapore 068587",$$,"""Pet friendly too with their pet dog roaming freely.""",https://serpapi.com/images/url/IDuntHicuxmbUVJSUGylr5-TYayXnp-fnpNaWpxalJyfV5KaV6KXnJ-rX6Dv6GYYmFkQYF7imxWampSc71ma7lEalBlenuddYJIY4BWUnWlWklqS7GMQEWRbbmmkmwHE2bp5-QCmgiHh
Well Collective,+65 6979 6442,https://www.wellcollective.com.sg/,3.9,365,"Blk 418 Northshore Drive 02-11/12, 418 Northshore Dr, #2, Northshore Plaza, Singapore 820418",,"""Spacious, clean, well sheltered and comfy outdoor pet friendly dining space.""",https://serpapi.com/images/url/otjGhXicuxmXUVJSUGylr5-TYayXnp-fnpNaWpxalJyfV5KaV6KXnJ-rX6Dv6GYYmFkQ4OJWmJEeaV4SbOqeUlRk6BqaruuYUx6RWFVumZLhbZSRb1oS7GNbbmhkpJthaaSbrZuXDwCvQiF6
Colbar,+65 6779 4859,https://m.facebook.com/pages/ColBar/179635178727085,4.1,1278,"9A Whitchurch Rd, Singapore 138839",$$,"""It is pet friendly, with lots of dog owners around.""",https://serpapi.com/images/url/Ac7WdXicuxmXUVJSUGylr5-TYayXnp-fnpNaWpxalJyfV5KaV6KXnJ-rX6Dv6GYYmFngl5-Ra5YfYqZbHhESmuuYn-5VnF2ZGxhSFBme62RmYGnknJZk6GpbbmRgopthaaSbrZuXDwCysSE4
World of Paws,+65 9365 7967,https://worldofpaws.com.sg/,3.9,57,"200 Pandan Gardens, #01-07, Singapore 609336",,"""The dogs are so cute and the staff were super friendly!""",https://serpapi.com/images/url/R1FAxHicuxmXUVJSUGylr5-TYayXnp-fnpNaWpxalJyfV5KaV6KXnJ-rX6Dv6GYYmFngF2np5phTFOkUn13gVhyemxtfGhyekeocHlBlVJVZ4eXh5Fxg4mZbbmhpqZthaaSbrZuXDwC8GCHG
Apollo Coffee Bar,+65 6246 3875,http://www.apollocoffeebar.com/,4.1,956,"65 Serangoon Garden Way, Singapore 555961",$$,"""Hard to find pet friendly cafes with nice & good food.""",https://serpapi.com/images/url/RVpxHnicuxmXUVJSUGylr5-TYayXnp-fnpNaWpxalJyfV5KaV6KXnJ-rX6Dv6GYYmFngl2ZgZBDoZ2ZenutY4G4WVFxsFllSUmhQEGHi5JoW7lGYmpVY5GdbbmhkpJthaaSbrZuXDwCXwiEU
Atlas Coffeehouse,+65 6314 2674,http://www.atlascoffeehouse.com.sg/,4.2,1703,"6 Duke's Rd, Singapore 268886",$$,"""Great ambience, amazing food and good coffee!üëçüèª Dog friendly üêï""",https://serpapi.com/images/url/DGLHFHicuxmXUVJSUGylr5-TYayXnp-fnpNaWpxalJyfV5KaV6KXnJ-rX6Dv6GYYmFng55-b4h6RnWjpWBVllOqa7xcYrhtoWWgZke5t4eFeEpLpYmxq6WRbbmhkpJthaaSbrZuXDwCXQiBp
Under Der Linden: Caf√©,+65 9838 2977,https://underderlinden.com.sg/,4.2,555,"5B Portsdown Rd, #01-02, Singapore 139311",,"""A well hidden jem that‚Äôs pet friendly with a laid back and rustic aesthetic.""",https://serpapi.com/images/url/_jLFdnicuxmbUVJSUGylr5-TYayXnp-fnpNaWpxalJyfV5KaV6KXnJ-rX6Dv6GYYmFngZ-Kd4RFe6lFWkhSZZ6hbaGjslJ2YHeEeYJrhXFhi7l5hEOGm629bbmmkmwHE2bp5-QB9RyCQ
Old Hen Kitchen,+65 6291 0632,https://www.oldhencoffee.com/kitchen,4.4,534,"127 Owen Rd, Singapore 218931",$$,"""Great find, dog friendly u can sit outside.""",https://serpapi.com/images/url/LmOwUnicuxmXUVJSUGylr5-TYayXnp-fnpNaWpxalJyfV5KaV6KXnJ-rX6Dv6GYYmFkQkGKYGl6imx1Ymm_pmeYU72mYZ5Ft6FoRkuWd5mmWmGtmnm2ZmWtbbmGgm2FoYKabrZuXDwCh3yD9
6 Letter Brunch,+65 8366 0168,https://www.6lettercoffee.sg/6letterbrunch,4.5,397,"103 Frankel Ave, Singapore 458225",$$,"""Outdoor area is pet friendly.""",https://serpapi.com/images/url/YB0k-3icuxmXUVJSUGylr5-TYayXnp-fnpNaWpxalJyfV5KaV6KXnJ-rX6Dv6GYYmFng729QUpzi7VLsV5hfYeYTmhZpEGJYZJzoaFnl7xPlWZ5SEZCVmWpbbmGgm2FoYKabrZuXDwCxCSGV
Kontiki,+65 6268 5225,http://facebook.com/KontikiSG,4.3,655,"11 Rhu Cross, #01-02, Singapore 437440",$$,"""Pet friendly, and they even gave the pup a bowl of ice water.""",https://serpapi.com/images/url/VUDAj3icuxmXUVJSUGylr5-TYayXnp-fnpNaWpxalJyfV5KaV6KXnJ-rX6Dv6GYYmFkQkJcTnx-SZeRTkpHj4aJrHm-SVRiU6B8SWWAQkupumZdmFpblWmRbbmGgm2FoYKabrZuXDwCwoyFZ
Priv√© @ Keppel Bay,,https://www.theprivegroup.com.sg/prive-keppel-bay,4.3,2616,"2 Keppel Bay Vista, #01-03, Marina at Keppel Bay, Singapore 098382",$$$,"""Excellent place to dine that is child friendly and dog friendly.""",https://serpapi.com/images/url/MwH6TnicuxmXUVJSUGylr5-TYayXnp-fnpNaWpxalJyfV5KaV6KXnJ-rX6Dv6GYYmFkQEO8TH5Gna5TrbeYdlZJemhkRbphdGZ7kEmIRH14WHBkWkmfs72hbbmhsoZthaaSbrZuXDwCoaiE5
Canopy HortPark,+65 6556 1533,http://www.canopygardendining.com/,4.1,1673,"#01-01, 33 Hyderabad Road, HortPark, Singapore 119578",$$,"""Wonderful atmosphere and pet friendly ‚Äúoutdoor‚Äú sheltered seating.""",https://serpapi.com/images/url/-fsvgHicuxmXUVJSUGylr5-TYayXnp-fnpNaWpxalJyfV5KaV6KXnJ-rX6Dv6GYYmFngl-0RFZqd7pJXFeiW6mERHFlgaRGZaBAfGVienOZn7hrkWWFUEmxbbmGgm2FoYKabrZuXDwCrqCE2
Common Man Coffee Roasters - Martin Road,+65 6836 4695,https://commonmancoffeeroasters.com/?utm_source=google&utm_medium=organic&utm_campaign=gmb_martin_road,4.4,2923,"22 Martin Rd, #01-00, Singapore 239058",$$,"""Pet friendly cafe with good food and coffee.""",https://serpapi.com/images/url/cq8GHXicuxmXUVJSUGylr5-TYayXnp-fnpNaWpxalJyfV5KaV6KXnJ-rX6Dv6GYYmFngW1AZnxrl7JNT5JmcGOLv41xa7hMfEeLlGZiVYeIc4h_vGlVQUmZbbmhmrJthaaSbrZuXDwDAvSHn
Toby's Estate Coffee Roasters Singapore,+65 9177 3256,http://tobysestate.com.sg/,4.1,1446,"8 Rodyk St, Singapore 238216",$$,,https://serpapi.com/images/url/xNq8knicuxmXUVJSUGylr5-TYayXnp-fnpNaWpxalJyfV5KaV6KXnJ-rX6Dv6GYYmFngH-4YZpAbWVLkUmZgmZ-WnehVZuCV7J1ukOLjG5mUW-WVnVlWFGxbbmhsrpthaaSbrZuXDwCz2iHR
Lucky Saigon Caf√©,+65 6556 8228,,4,588,"356 Tanglin Rd, Singapore 247674",$$,"""Cafe is very spacious and it‚Äôs pet friendly.""",https://serpapi.com/images/url/pGsM1HicuxmbUVJSUGylr5-TYayXnp-fnpNaWpxalJyfV5KaV6KXnJ-rX6Dv6GYYmFngGxwekJtRkR8fmujhFemWVKAb4GEWbOpZEeEfHpEWHObl7xlkYltuaGSkm2FppJutm5cPAIY3IKI
Bearded Bella,+65 9880 0775,http://www.beardedbella.com/,4.1,1010,"8 Craig Rd, Singapore 089668",$$,"""It is pet friendly and we saw many cute dogs in the outdoor area.""",https://serpapi.com/images/url/vIouj3icuxmXUVJSUGylr5-TYayXnp-fnpNaWpxalJyfV5KaV6KXnJ-rX6Dv6GYYmFngb2EeGWySU5xdpltsZKCb6GIU5ROSbxBuHOKUleHkWVWYFp_iGGlbbmGgm2FoYqSbrZuXDwCNOyCe
Cuppafield,+65 6265 6883,,4.1,387,"446 Bukit Batok West Ave. 8, #01-01, Singapore 650446",$$,"""Dog friendly, Western food, come here as it is near my house.""",https://serpapi.com/images/url/IpFrZ3icuxmXUVJSUGylr5-TYayXnp-fnpNaWpxalJyfV5KaV6KXnJ-rX6Dv6GYYmFngn55m4WmYkWERn5ZmpGtSUFBgZFFeZpLlkZ9tkhKRnBhYHukS6WRbbmhprpthaaSbrZuXDwCiziEy
Chow Cute Cafe,+65 8785 5502,http://www.chowcute.com/,3.5,407,"16 The Oval, Seletar Aerospace Park, Singapore 797873",$$,"""They even use dog friendly insect repellents.""",https://serpapi.com/images/url/lgUC-XicuxmXUVJSUGylr5-TYayXnp-fnpNaWpxalJyfV5KaV6KXnJ-rX6Dv6GYYmFngn5Vl6hsUkemXYVCUXmnkVVDqb-rhWZQXFpTq5JaWW2Gem5uc6mdbbmGgm2FoYKabrZuXDwC3AiHD
Tenplus,+65 8656 8685,http://www.tenplus.sg/,4.6,917,"65 Sungei Tengah Rd, Singapore 699000",$$,"""Pet-friendly cafe - saw pawrents bring dogs & cats (on leash) for a day out.""",https://serpapi.com/images/url/JdtDc3icuxmbUVJSUGylr5-TYayXnp-fnpNaWpxalJyfV5KaV6KXnJ-rX6Dv6GYYmFnga1BgnlwRZOobEeAcaphYEJgdXOFroBuRXuUU71xaGG8RUWRgGGRbbmmkmwHE2bp5-QB6dCCp
Revelry,+65 9278 0466,https://www.facebook.com/revelrysg,4.2,691,"21 Lor Kilat, #01-02, Singapore 598123",$$,"""Very tasty and deliciousü§§ it it also pet-friendly cafe!""",https://serpapi.com/images/url/ulysy3icuxmXUVJSUGylr5-TYayXnp-fnpNaWpxalJyfV5KaV6KXnJ-rX6Dv6GYYmFkQYOhYlVphYWoU6Z3sVpSUlRSsmxPlWZRSFhHi5pSeFFDmVGGZFWZbbmhsoZthaaSbrZuXDwCpvyF0
Glasshouse,,http://theglasshousesg.com/,4.3,1144,"30 Victoria St, #01-03, CHIJMES, Singapore 187996",$$,"""They also have a pet friendly area outside for your fur kids.""",https://serpapi.com/images/url/Y_cFGnicuxmXUVJSUGylr5-TYayXnp-fnpNaWpxalJyfV5KaV6KXnJ-rX6Dv6GYYmFngH1nqGmjkk-nnm2ruG1ll4RGWkxiQ5WZslOOl6-fmlWQSUBQY6WVbbmhpopthaaSbrZuXDwCTNyCG
The Cat Cafe x Art Jamming @The Rail Mall,+65 8061 5539,http://thecatcafe.sg/,4.2,268,"392 Upper Bukit Timah Rd, Singapore 678046",$$,,https://serpapi.com/images/url/3bDkgXicuxmXUVJSUGylr5-TYayXnp-fnpNaWpxalJyfV5KaV6KXnJ-rX6Dv6GYYmFngF18YVFTuZGppUpzoapRT7OLvFWwe4mfuFBTuUhYU7pyUFJnrXmpbbmhmrJthaaSbrZuXDwCeTSD6
Baker & Cook - Dempsey,+65 8588 3764,http://www.bakerandcook.com/,4.1,858,"30C Loewen Rd, Singapore 248839",$$,"""The outlet is pet friendly and has ample outside seating.""",https://serpapi.com/images/url/hmqaUXicuxmXUVJSUGylr5-TYayXnp-fnpNaWpxalJyfV5KaV6KXnJ-rX6Dv6GYYmFngl-dUFBni7uXmkxHp51pQFG6WVRCSFpKeVlWQYpTib-luHBaUmGdbbmGgm2FoYKabrZuXDwC0CSGL
NekoTown Cat Cafe,+65 8683 4567,https://nekotownsg.com/,4.9,2665,"658 Geylang Rd, Singapore 389588",,"""They are pet friendly as well which you get a great cat experience.""",https://serpapi.com/images/url/0rBedXicuxmXUVJSUGylr5-TYayXnp-fnpNaWpxalJyfV5KaV6KXnJ-rX6Dv6GYYmFkQYO5f7peX6ZVqFhFQ4elnFu5WbFFWppsVX-ad55hu4OdTnmQZbGBbbmhmppthaaSbrZuXDwCn5iEj
Botany Robertson Quay,+65 6951 4861,http://www.botany.com.sg/,4.2,942,"86 Robertson Quay, #01-03, Next to M Social Hotel, Singapore 238245",$$,"""place is pet friendly, you get to see alot of dogs.""",https://serpapi.com/images/url/-gkS7HicuxmXUVJSUGylr5-TYayXnp-fnpNaWpxalJyfV5KaV6KXnJ-rX6Dv6GYYmFngb1hq6RRoWaVbkJtXnuydHemckZlTEOFkFpBaZuhUaBkc5JhelmVbbmhkpJthaaSbrZuXDwCusyGB
The Social Space - Nano Roastery,+65 8807 9641,https://www.thesocialspace.co/,4.7,39,"120 Potong Pasir Ave 1, #01-810, Singapore 350120",,"""Appreciate the pet-friendly environment.""",https://serpapi.com/images/url/ZrYlCnicuxmXUVJSUGylr5-TYayXnp-fnpNaWpxalJyfV5KaV6KXnJ-rX6Dv6GYYmFngb1zkk-xeEhxf7utVblJk5mvk4WGSZugWWFrubFhclhZQ4ZtWUGJbbmGgm2FoYKabrZuXDwCnLSFm
Glass Roasters,,http://www.glassroasters.com/,4.4,210,"108 Faber Dr, Singapore 129418",,"""Such a cosy place to be at ~~~ pets friendly cafe too üíìüå∑""",https://serpapi.com/images/url/pjT8tnicuxmXUVJSUGylr5-TYayXnp-fnpNaWpxalJyfV5KaV6KXnJ-rX6Dv6GYYmFng51dU5mqck--SnOeRFRicH2Zclp7llJNdEV-SlVpoGZIaFB4RmWZbbmhkpJthaaSbrZuXDwDKNiJO
Whisk & Paddle (Bt Gombak Park),+65 6550 2330,http://whiskandpaddle.com.sg/,4.2,632,"816 Bukit Batok West Ave. 5, #01-01, Singapore 659089",$$,"""It would be an immediate 5-star review if it was pet friendly.""",https://serpapi.com/images/url/p1-xwXicuxmXUVJSUGylr5-TYayXnp-fnpNaWpxalJyfV5KaV6KXnJ-rX6Dv6GYYmFkQkO1RnGQYZlhoFhzqlmLkVeXk7uFVlW9Rmh6eGGqYWuToUlkW4G9bbmhqoJthaaSbrZuXDwCjRiE3
Baker & Cook - Sunset Way,+65 8588 6065,http://www.bakerandcook.com/,4.1,233,"41 Sunset Wy, #01-03, Clementi Arcade, Singapore 597071",$$,"""What a lovely outdoor dog friendly cafe!""",https://serpapi.com/images/url/wu3Wd3icuxmXUVJSUGylr5-TYayXnp-fnpNaWpxalJyfV5KaV6KXnJ-rX6Dv6GYYmFngV1WRHujkbOiZVpniUuZZEunknumXkWZQZRKUmBaU555WkVYV6GtbbmGgm2FoYKabrZuXDwC9dCHo
Canopy Jurong Lake Gardens,+65 6556 1533,http://www.canopygardendining.com/,4.1,2730,"70 Yuan Ching Rd, #01-02, Singapore 619675",$$,"""I like how the outdoor seating area is really pet friendly.""",https://serpapi.com/images/url/lW7ZSHicuxmXUVJSUGylr5-TYayXnp-fnpNaWpxalJyfV5KaV6KXnJ-rX6Dv6GYYmFkQEGls6psYFeZWEWrpHmweWO7hYuybb-rhlZUeqBsaUJRZkWxeVGpbbmGgm2FoYKabrZuXDwCRMCDU
Cafe Melba at Mediapolis,+65 6352 2721,http://cafemelba.com.sg/,4,792,"1 Stars Ave, #03-01, Singapore 138507",$$,"""Pet friendly cafe but the outdoor seats are pretty hot during lunch time.""",https://serpapi.com/images/url/_LlvvHicuxmXUVJSUGylr5-TYayXnp-fnpNaWpxalJyfV5KaV6KXnJ-rX6Dv6GYYmFngl-nmUhiR7JXrXxVYnpNrFJWWYeKY4mPm72hhZp5akumdY6Ab4WJbbmhsoZthaaSbrZuXDwCoFCDo
The Cat Cafe - Bugis,+65 6338 6815,http://www.thecatcafe.sg/,4.1,957,"241B Victoria St, Singapore 188030",$$,,https://serpapi.com/images/url/4kinC3icuxmXUVJSUGylr5-TYayXnp-fnpNaWpxalJyfV5KaV6KXnJ-rX6Dv6GYYmFkQ4Fvp659dVZhqXJjnamhZkFJeaVpQHOWYaeCU6h7m6BecaBRZmW9bbmhkpJthaaSbrZuXDwC8TiGv
Nassim Hill Bakery Bistro Bar,+65 9099 6405,http://www.nassimhill.com.sg/,4.2,1391,"56 Tanglin Rd, #01-03, Singapore 247964",$$,"""Good food, dog friendly and warm services!""",https://serpapi.com/images/url/5qZZcnicBcHdDsEwGADQJ6r9yYzExbZgqgvDsqQ3i1Wt1Fq-1vy8oGfwNs75fYW1NzNxnKsIBq3W7ZU_DAemleXKDpjunPZmEDPIOHE6FkMFL4DlJokxjVK_pm4Oq0ZoC2Xb5WJOxpJlLxXtLN4zYvplfxoqjgPCCxlWDeMdvVQlJl4u5QjqfBtTTCBY-Ciy1QcfimbdJZ7X-4s0c2l9PrCevve7DSmPd16HUFhyXH1mSfacPiMXCc8NkURK_wGH_0WM
the RITUAL,+65 6208 7496,http://www.theritual.co/,4.3,480,"383 Bukit Timah Rd, #01-09B, Singapore 259727",,,https://serpapi.com/images/url/2MdvZXicBcFZEsEwAADQE0U1NZQZH52W1ii1VKgf04lKkE2SLlzQGdzGe78vtVaZieMw6vWIlIRVtak0lsJWwvaw5A5RBmADjBOEYzoQ6iQy8NyJxl91DI_Wn4TmjWo_L2Rzui3x7JByP5ldQpTq-_vVFngJ-FIP46NedC3U_HgrTADFMEjRQF15Uq77AN82LsNwK4Mor2Ni58VjFW36rHtcSw-5Z-OHl6jZZ6csDWsUG-KRaetCCOgYgicQ8g_1PkY5
The Lawn Cafe (Dog-Friendly!),+65 6774 5737,https://www.thelawn.com.sg/,4.3,307,"31 Biopolis Wy, #01-07, Nanos, Singapore 138669",$$,,https://serpapi.com/images/url/FfVIS3icuxmbUVJSUGylr5-TYayXnp-fnpNaWpxalJyfV5KaV6KXnJ-rX6Dv6GYYmFngG-Yb5pgVbllSFl6pm-LjHeZZFOacX5lV4Rjqblnl6R9QZuxYbltuaGyhm2FppJutm5cPAI60IS0
Tiong Bahru Bakery - Safari,+65 6877 4876,https://www.tiongbahrubakery.com/,4.1,815,"130E Minden Rd, Singapore 248819",$$,"""Dog friendly section is a hit for us because we have a cocker spaniel.""",https://serpapi.com/images/url/ADKRJXicDcPdboIwGADQJ6r81bia7AIa0SxTnNgNuTG0wZYB_QgtaeT5fAnfRk9yng9l7WDWntepaCEBZFdPph4FaFtruxDQe3IwSBhkvJgShfX43XzpYM6b09j_UBpD8BEH4SFfHcRUpPxiK3dcthwNIsoc93t-x5qoTDGWnBuoAqy6MinKiODJYMs0cVPBlROdTG9bhmBzjzaX0M9O_5CHaZLs_n6lJDCXrKV0QMWxyefr_tOREKn3Fml4AW4xRBM
Baker & Cook - Namly,+65 8588 7056,http://www.bakerandcook.com/,4.2,235,"64 Namly Pl, Singapore 267208",$$,"""Very dog friendly with out door seat's and water bowls for dog""",https://serpapi.com/images/url/Cnjnm3icBcH_EkIwAADgJ1qkXaa7_kDu0o9RSs0_HdKWtGET9X49RG_T9_2-TKlazjStYpMRFYJWRSeLNhdcFVyNcvHUaC1BLoHUbNdikNcRK0PpBUeCleNDj3TI9UxewoaEy0UKDXjaNFld-dR2ZepH2S5zzp6FcPsK9v6nIVf71lZxmRlomiTrAge0xJ9lb_YE5YeDHcaP-0QOdxCgC34txHZooZWgxhhWbxBG5m21dTo675EO2NjQwQNw8QekhkQc
Knots Cafe & Living (Pasir Panjang),+65 6817 0383,https://www.knotscafeandliving.com/pasir-panjang,4.2,403,"102E Pasir Panjang Rd, #01-08, Citilink Warehouse Complex, Singapore 118529",$$,,https://serpapi.com/images/url/t8N1z3icuxmXUVJSUGylr5-TYayXnp-fnpNaWpxalJyfV5KaV6KXnJ-rX6Dv6GYYmFkQEOWa71VpUmTh5-ianpZZHuaRFOScHW5iUKGbbFqablju62Ia72hbbmhmrJthaaSbrZuXDwChVyDe
Common Man Coffee Roasters - Joo Chiat Road,+65 6877 4863,https://commonmancoffeeroasters.com/?utm_source=google&utm_medium=organic&utm_campaign=gmb_joochiat,4.3,985,"185 Joo Chiat Rd, Singapore 427456",,"""Love the vibe and it is  #dogfriendly ‚ù§Ô∏è""",https://serpapi.com/images/url/9ls8iXicBcFbcoIwFADQFUVALaIzfoCPAr4qanD4YUiKBMFc4Ca1uj8X4W485_0SSjU4MYxaDHoFQFHnGvOOg1S5VD0ON6NokHAkaLizsRhK4I13hLTVp9DnrZmxK97X__2-Y4GbbFvE1s-iTCfn-SG4ZGctKQu9za4LIniuT5el7qhJgLNkTEVVpzbmpRcUh4j9rpwQaEwf36vga9mkG_pUNvia7mcsrvzFvHTTv0WZjOIfaze9OyYRlmmTikj4AG37RcM
"Little Farms Cafe, Valley Point",+65 3105 1154,https://littlefarmscafe.com/pages/little-farms-cafe-bistro-valley-point,4.2,475,"491 River Valley Rd, #01-25, Singapore 248371",,"""Lovely dining environment and the outdoor section is pet-friendly.""",https://serpapi.com/images/url/lUGp9XicuxmXUVJSUGylr5-TYayXnp-fnpNaWpxalJyfV5KaV6KXnJ-rX6Dv6GYYmFng7x7lXBUQHJKYlpQb6OLkHJoYkOHoZuSfZuGSZJxS4FVo7B6YmWtbbmhsrpthaaSbrZuXDwCe5iDu
Hub & Spoke Cafe,,http://hubandspoke.oddle.me/,4.1,1007,"60 Airport Boulevard #01-T2S-02, Singapore Changi Airport, Singapore 819643",$$,"""Nice food and outdoor seats are pet friendly cafe""",https://serpapi.com/images/url/yYptZHicBcHhUsIgAADgJ8INJhrd9cORu7K2OZF5-cfruAnRBDdAZu_YA_Q2fd_fr_L-6h6TpFfZTFor-y64bhTW-M74mbCXRF4dEA64ZEWJmpuhJCWFW6qy8iK4bas9O7f-E-amC7xOb9gMWTEXNxbpxNBe37GNa24PzVKDXof3V8iWx_zn41RkD-MwTotKT_fAntG5EZ7DoqatXJQHHDcp5MVuPW034LRqSNBvL1-YyTQfCPZpXZWRx-NThAgBRRD4Bsb-A8xsRiQ
BELLY UP (Online Only),+65 9736 1272,http://bellyup.sg/,4.8,21,"3017 Bedok North Street 5, Singapore 486121",,"""Elk antlers and Tuna steak were a blast for my Frenchie pup.""",https://serpapi.com/images/url/mRYMBXicuxmXUVJSUGylr5-TYayXnp-fnpNaWpxalJyfV5KaV6KXnJ-rX6Dv6GYYmFngn-lq5BRimFQSlO-Z6ZObGGIQlVNUWlZZ4R5VFeph6lJeWOUY6m1bbmGgm2FoYKCbrZuXDwC33yHV
Simplicit√© by Fresh Fruits Lab,+65 6677 6741,http://www.ffl.com.sg/,4.4,814,"351 Changi Rd, Singapore 419818",$$,"""And outdoor seats are pet friendly!""",https://serpapi.com/images/url/YN5pQHicuxmXUVJSUGylr5-TYayXnp-fnpNaWpxalJyfV5KaV6KXnJ-rX6Dv6GYYmFkQkF4SUW7oahYaZebpU1QQ5OGe5l3iG-wZXpLmWuIUZWlSlm-cmmZbbmhsoZthaaSbrZuXDwCoXyFF
Baker & Cook - Swan Lake,+65 8588 7895,,4.3,903,"1 Swan Lake Ave, Opera Estate, Singapore 455700",$$,"""Pet friendly providing water bowl for dogs.""",https://serpapi.com/images/url/8z6LN3icuxmXUVJSUGylr5-TYayXnp-fnpNaWpxalJyfV5KaV6KXnJ-rX6Dv6GYYmFkQ4B-ZkW-caljuaBTkG-_pUpUZGGUYbhKQaWHiaRhc4hRh4lIY5mVbbmhsoZthaaSbrZuXDwCPayBe
Wheeler's Estate,+65 9735 7332,http://wheelersestate.com/,4.1,3837,"2 Park Ln, Singapore 798386",$$$,"""Lovely atmosphere, pet friendly, delicious mains""",https://serpapi.com/images/url/N5qL4nicBcHbDoIgAADQLyJxSklbD2WXaeRsNpm-NWYwKSi5ZP5g39DfdM7vK6x9mmUQ3EU041rze-dMNzCtbKfsjOlHwJ8GMANMsE6xiJXmVUzK3tNoupTzsJ4DRTMv0ld7y_JPQg2CXDo8jhNOsFPTa0-q00D9B7W7dYXrBvV0cw7FYzwI6whBI4E5ow6nUmKXZLFsikNVwC5vbOERH_zAWgLrs4jKni3oxR8bc92-V-8EAhEuIiCB0n9c5UVm
Dog Cruise Singapore,+65 9007 3083,https://www.tallship.com.sg/events/dog-cruise/,5,15,"8 Sentosa Gateway, Singapore 098269",,"""A nice and dog-friendly cruise, very welcoming, and great service.""",https://serpapi.com/images/url/nGMmnnicuxmXUVJSUGylr5-TYayXnp-fnpNaWpxalJyfV5KaV6KXnJ-rX6Dv6GYYmFkQUJbklZFempjsUenplJNcERhmkFMRGpFW6hQUUVGSFeJr6Z7rHWZbbmGgm2FoYKabrZuXDwDP0CI3
Good Boy George,+65 8834 4692,http://goodboygeorge.com/,4.5,97,"7 Rodyk St, #01-28, Singapore 238215",,"""Great pet friendly cafe with very friendly service.""",https://serpapi.com/images/url/vCCePHicBcFbcoIwFADQFUUQ1Ehn-mFhsAY66UOg-tMZSbiRhlw1QdANdg3djef8_ynnTvbJ87QKJ4AIWvZWXmo0Tho3qbHz4GRJbYn1VnGkZgbfr3khYOrUNWjOLB0RSsF2tPoINizhzIYLWuli277AT_rW50uVyXb-PY9zV5bpjN1HnZmNkqrx6TYMDll_XK-FNiLsgqG30Z4fKmhxrArCm_NrnMjPm_qqOe0ocEguzX0QCNHwPCx9oqb-gvwSgw9zH0YS
Open Farm Community,+65 6471 0306,http://www.openfarmcommunity.com/,4.2,2149,"130E Minden Rd, Singapore 248819",$$$,"""... they have both indoor and outing seatings and friendly to pets.""",https://serpapi.com/images/url/9-h253icBcFbEsEwFADQFaUPOtqY8VES1VGMeg0_ptJoom1Scovan0XYjXN-XwHQmKFtV6JvFVoXFW8NfzCtgCuwmK7tojGIGWTscIKFpxqZvOkniHXsEZXmHU-0GEdLUme-VD4ZRFhdb5ugd3m7tWy262SHP-0i0rA8i948c2hlUnp1H-me0vOCgZN4_n0c58GshCfI_NiRvF3B8zYrFY1iVx7wBYU18cLdFHcnnq46wqajV-Ag4ToDVCKl_91XRH4
Baker & Cook,+65 8588 7310,http://www.bakerandcook.com/,4.3,411,"77 Hillcrest Rd, Singapore 288951",$$,"""Not forgetting, it is dog friendly too.""",https://serpapi.com/images/url/E1H2mHicuxmXUVJSUGylr5-TYayXnp-fnpNaWpxalJyfV5KaV6KXnJ-rX6Dv6GYYmFngVxzsaVoS5hJclhNmGlUY4GSY61rhXuLu51nlExFfHl9s4ZLvHGZbbmhsoZthaaSbrZuXDwCvHSF5
SOD Cafe,+65 8128 3506,https://www.facebook.com/sodcafe.sg/,4.3,716,"51 Hougang Ave 9, #01-03, Ci Yuan Community Centre, Singapore 538776",$$,"""Casual and family-friendly cafe.""",https://serpapi.com/images/url/KBWJ63icBcHbEkJAAADQL9qMlVszPYhGStFVvDRh2Vi7ZVfo__qI_qZzfl8sxJPPJIlgZVIyVhLUcdRmjApExSRjjVQ-Ocg44JJlm3hK2eMwCFdLT6v6Q9KR9Jddm7RhP7i0tWCDvRer1MFpxiT0Gawft26BimqZLBz3elMsfCZxVBwSkxAjuujOG8n-OpAN6Dtqvg9zb20IezhF8TG1wc4PtqWOm1FbTl31Hnt6XXFlo4l-3ssQAmxCUAPK_mN9RM4
Flourish Bakehouse,,,4.5,147,"70 Stamford Rd, #01-22A, Li Ka Shing Library, Singapore 178901",,"""Big outdoor area, quaint little cafe and pet friendly.""",https://serpapi.com/images/url/tpRWBHicBcFBcoIwFADQE32REKx2posEJxYcQFBaWHUcDKQV86PBQrmgZ_A2fe_5UH1v7KvjdMqbtYhtJ-9W3mrUvdT9rMaL0xoLtQXrsGClqL65GxY14-4wfp38YMuK7DcZumhqgszLyRyjPKMVvF-KRlEolh-ECV9wiHmZ-MNd0DwJv_flKeTB-tMcR7GIXa8qccfswRfiB02zSKc_QG0mOfLp_JKmMU-Y7HBzxRBIbZAMTGZvw3IOyqUEzqDxH5brQ4o
Surrey Hills Grocer - One Holland Village (Pet Friendly),+65 8189 6372,https://www.surreyhillsgrocer.sg/,4.4,517,"7 Holland Vlg Wy, #03-29 to 33 ONE, Singapore 275748",,,https://serpapi.com/images/url/FCEOlHicBcFRToMwGADgE3XA6Dpq4gMySCSiyKibe1lmbVoG9K-0zHJCz7Db-H33P-WcsQ9BMKh4JQHkIGYrJg7aCe1WHMZAGou4RTZIM6qwnsLL_FLyaCaH_eeC25s4-HRi8F0Zuw1tXTBHTLlt67Z9yrqFN-sPbcCLgnay954la26ORqHr8IZJV2_YOcorwo6n3VjjnFAVX-lmj_Gz7V9jC7diLNOqgdknU3P5Wn6yQueS7t4ff5MQqSgkqEca_gFnvET1
Boomarang Bistro & Bar,+65 6738 1077,http://www.boomarang.com.sg/,4,1446,"60 Robertson Quay, #01-15, The Quayside, Singapore 238252",$$,"""Pet-friendly place, but a very average place charging above average price.""",https://serpapi.com/images/url/iJMQLnicuxmXUVJSUGylr5-TYayXnp-fnpNaWpxalJyfV5KaV6KXnJ-rX6Dv6GYYmFkQkBjunRjvl-SaXOpnFmoSVpqYk1tVlemdXhZVUJCdG-zj6peaW2BbbmhmrJthaaSbrZuXDwDKwCJ5
Caf√© Melba at Goodman Arts Centre,+65 6440 6068,https://www.cafemelba.com.sg/,3.7,1313,"90 Goodman Rd, #01-56 Block, N Goodman Arts Centre, Singapore 439053",$$$,"""This place is dog friendly too but be warned‚Ä¶ the portions are huge!""",https://serpapi.com/images/url/S8xYMHicuxmXUVJSUGylr5-TYayXnp-fnpNaWpxalJyfV5KaV6KXnJ-rX6Dv6GYYmFng5-nk7uhm6ROQVGya7uqd7OTrm-qfnxIeFlrgm1zqH2Va4mYYbmlbbmhhopthaaSbrZuXDwCRvCCy
The Living Room Cafe - Zion Bishan,+65 6715 7899,,4.5,128,"4 Bishan St. 13, Singapore 579792",$$,,https://serpapi.com/images/url/P-oga3icuxmXUVJSUGylr5-TYayXnp-fnpNaWpxalJyfV5KaV6KXnJ-rX6Dv6GYYmFkQYFZs6OfsVFhiEhri7msemZ-cZeBS6BgaX2rkZpQXFeKbUVnqa2RbbmhkpJthaaSbrZuXDwCVQCDN
Grace Espresso,,https://www.instagram.com/grace.espresso/,4.4,300,"428 River Valley Rd, #01-14, Loft@Nathan 248327",,"""... place with 99% outdoor seating by a busy road, and pet friendly.""",https://serpapi.com/images/url/S-lW-XicuxmbUVJSUGylr5-TYayXnp-fnpNaWpxalJyfV5KaV6KXnJ-rX6Dv6GYYmFkQEGrp4l2SXGKWap5dWeKb7R2VFOFX7hIaGGwZ7Fjm5BOUZZnl7WVbbmGom2FppJutm5cPAIsgIQo
Kings Cart Coffee Factory,+65 8814 8445,https://www.kingscartcoffee.com/joo-chiat-menu,4.6,1415,"328 Joo Chiat Rd, #01-05, Singapore 427585",$$,"""It is a dog friendly cafe as well, staff is very friendly.""",https://serpapi.com/images/url/RYikMXicuxmXUVJSUGylr5-TYayXnp-fnpNaWpxalJyfV5KaV6KXnJ-rX6Dv6GYYmFngH-kY6uzs6h5clJWT7RLolpMRGBlsZhyaEVhoEJYbFhwWVpaTF2lbbmhsoZthaaSbrZuXDwCkbyFZ
Group Therapy Coffee - Cross Street Exchange,+65 6222 2554,http://www.gtcoffee.com/,4.2,824,"181 South Bridge Rd, #01-05 & #K1-04, Singapore 058743",$$,"""Nice coffee and dog friendly cafe.""",https://serpapi.com/images/url/RB-8zHicuxmXUVJSUGylr5-TYayXnp-fnpNaWpxalJyfV5KaV6KXnJ-rX6Dv6GYYmFnglxicHlTomhZpGOZWHpZZmJ6cUeYblOlhVhpVYhFvlJXmnp9c6G1bbmhorpthaaSbrZuXDwDBLiH-
Wakey Wakey,,https://wakeywakey.oddle.me/en_SG/,4.3,614,"302 Beach Rd, #01-04/5, Concourse Skyline, Singapore 199600",$$,"""Great coffee, tasty food options and pet friendly (outside).""",https://serpapi.com/images/url/royc73icuxmXUVJSUGylr5-TYayXnp-fnpNaWpxalJyfV5KaV6KXnJ-rX6Dv6GYYmFkQkJKeWZEamhPgFuhUEOgRlBNonpXrnxzmnGKakZXm7RdZ4haaY2RbbmhkpJthaaSbrZuXDwC7xCGj
Hungry Chimps Cafe,+65 6338 1389,https://hungrychimps.weebly.com/menu.html,4.3,4,"Prinsep St, Singapore",,,https://serpapi.com/images/url/aNiEXHicHc09DsIgGADQ27CVH7XVmhA3HZx0qD-LoRSBhBbKh0Vv47W8jcYLvPd5m5QCrAmBFJVKk1U52KdyUASBtffaKREsYOl7MjGSzKNvB2HdJojB246fqiOc5811jPvtbtbAWNQXd0CyvUln1ZA4KBGlwTr_xOg7rAOgzFcUGV7P0EtkzsoKL1i5rFCwSRpO0X-5-4kzSr9exTk7
Little Rogue Coffee,+65 8918 3648,http://www.littleroguecoffee.com/,4.1,566,"27 Yong Siak St, Singapore 168654",$$,"""Will come back for the coffee and drinks, and being pet friendly.""",https://serpapi.com/images/url/emyvtHicuxmXUVJSUGylr5-TYayXnp-fnpNaWpxalJyfV5KaV6KXnJ-rX6Dv6GYYmFkQEJrkZ2HhUuVvUJwUlpdZluxvWFjumVqUVlFpWBUYYVYRUelv4W9bbmhkpJthaaSbrZuXDwC5yCHc
Priv√© Botanic Gardens,,http://www.privebotanic.com.sg/,3.8,641,"1 Cluny Rd, Singapore Botanic Gardens, Singapore 259569",$$,"""A dog friendly cafe located near to the entrance of botanic gardens.""",https://serpapi.com/images/url/vgFBf3icuxmXUVJSUGylr5-TYayXnp-fnpNaWpxalJyfV5KaV6KXnJ-rX6Dv6GYYmFngV-Hul1qZXlHuG1_i6JRiFuRnVJ5iGeKTVhzk7prrnGiWXR6VE25bbmhkpJthaaSbrZuXDwC-BCHG
Pat-A-Cat,,https://www.facebook.com/patacatsg/,4.7,100,"408B Joo Chiat Rd, Singapore 427635",,"""Will visit again, cos I can‚Äôt have pets at home.""",https://serpapi.com/images/url/QwCo9HicuxmXUVJSUGylr5-TYayXnp-fnpNaWpxalJyfV5KaV6KXnJ-rX6Dv6GYYmFngn5teWhpeVeJiGu_vURieZ1BuXJbv7VvuFG5cGBrilFToHuIREGZbbmGgm2FoYKabrZuXDwDDYCG_
TOTO Seafood,+65 6742 3800,,4.3,425,"46 Lor 23 Geylang, Ground Floor, Fansida Building, Singapore 388375",,"""Good food at reasonable prices in a relaxed dog friendly environment""",https://serpapi.com/images/url/LaOmDnicuxmXUVJSUGylr5-TYayXnp-fnpNaWpxalJyfV5KaV6KXnJ-rX6Dv6GYYmFngZ-6u6xninZsZVZLrb-TtX1Xq51iUUxHol1VgUBpi5h5vklHuHmRbbmGgm2FoYKabrZuXDwCnyiFR
Dock Yard Cafe by Eat What,,http://eatwhat.com.sg/,3.9,72,"60 Admiralty Rd W, Singapore 759947",,,https://serpapi.com/images/url/3q-7xHicuxmXUVJSUGylr5-TYayXnp-fnpNaWpxalJyfV5KaV6KXnJ-rX6Dv6GYYmFnga-kekOic5R4erFvkXV7kG29poJthFpnlXRCY6Z6Unpcb5u5v5GlbbmhhopthaaSbrZuXDwCYCSDY
Nature Park F&B Pte Ltd,+65 9168 8553,,4.4,13,"159 Ang Mo Kio Ave 4, #01-526, Singapore 560159",,,https://serpapi.com/images/url/VVzuD3icuxmXUVJSUGylr5-TYayXnp-fnpNaWpxalJyfV5KaV6KXnJ-rX6Dv6GYYmFngZxQRaZkc4ljl7pxi4pISmuTl7-rsFO9YEhRUEBmVEpXqURTilmhbbmhkpJthaaSbrZuXDwCWXiDq
Baker & Cook - Serangoon Garden,+65 8588 6857,http://www.bakerandcook.com/,4,468,"87 Serangoon Garden Way, Singapore 555983",$$,"""Our favourite spot nearby that is dog-friendly.""",https://serpapi.com/images/url/DHQp5HicuxmXUVJSUGylr5-TYayXnp-fnpNaWpxalJyfV5KaV6KXnJ-rX6Dv6GYYmFng6-8SWW6Y5B7k71LsZB6Q5RhWkehr7GEe6ehXalRqVFKWZepUYWpbbmhkpJthaaSbrZuXDwCT4CCp
St. Marc Bakery & Bar,+65 8810 8127,http://www.facebook.com/bbstmarc,3.9,454,"920 ECP, #01-09/10, Singapore 449875",$$,"""A few tables outside and dogs allowed, gets busy past 10.""",https://serpapi.com/images/url/8HVL4HicuxmXUVJSUGylr5-TYayXnp-fnpNaWpxalJyfV5KaV6KXnJ-rX6Dv6GYYmFkQYFziGeZikOKZEpTmkWFhkpdR4p8SHmBsnO-Sl54Zn1vplBtYXmJbbmhkpJthaaSbrZuXDwCnhyGR
Tiong Bahru Bakery,+65 6877 4865,https://www.tiongbahrubakery.com/,4.4,1286,"70 River Valley Rd, #01-05 Foothills, Fort Canning, Singapore 179037",$$,"""They have an outdoor dining area (pet-friendly) as well as the indoor area.""",https://serpapi.com/images/url/n65X23icuxmXUVJSUGylr5-TYayXnp-fnpNaWpxalJyfV5KaV6KXnJ-rX6Dv6GYYmFng5-nl4ekR5VGYlJKXFxBU4uEZ4RefmO6d461bnp-i62JikRroUm5bbmhkpJthaaSbrZuXDwCmriEh
Sarnies,+65 8284 2146,http://sarnies.com/,4,1742,"136 Telok Ayer St, Singapore 068601",$$,"""It s a pet friendly cafe u can have in the town here.""",https://serpapi.com/images/url/6M3n0XicuxmXUVJSUGylr5-TYayXnp-fnpNaWpxalJyfV5KaV6KXnJ-rX6Dv6GYYmFkQ4Jrpn5lvHOjpGhnmlOmalOoWFOLhUVWR5FpVWpjtE5Xvk5nj6mxbbmhkpJthaaSbrZuXDwCx3CGy
The Countryside Caf√©,+65 6292 0071,https://www.thecountrysidecafe.sg/,4.3,229,"71 Dunlop St, Singapore 209399",,"""Dog friendly place.""",https://serpapi.com/images/url/M_gyJ3icuxmbUVJSUGylr5-TYayXnp-fnpNaWpxalJyfV5KaV6KXnJ-rX6Dv6GYYmFngH2jqFOQRmZxdnGYZFZZaZRCZHl-Q6eyfGBGq65VqUqZbFmJs6G9bbmmkmwHE2bp5-QCCjiC9
Bailey And Whiskey,+65 9325 6563,,4.6,337,"DEPOT HEIGHTS, 108 Depot Rd, #01-30, SHOPPING CENTRE, Singapore 100108",,"""I heard it‚Äôs pet friendly too, although I didn‚Äôt see any during my visit.""",https://serpapi.com/images/url/eUGLnnicuxmXUVJSUGylr5-TYayXnp-fnpNaWpxalJyfV5KaV6KXnJ-rX6Dv6GYYmFng55lqbGGU6-FtHJFbVuiUERBf4hOaFlps4ZyS7mro5pzrFliWF2RbbmGgm2FoYKabrZuXDwCdZSEJ
Acoustics Coffee Bar Neil,+65 8023 9619,https://www.acousticscoffee.com/menus,4.4,533,"61 Neil Rd, Singapore 088895",,"""A pet-friendly cafe with comfortable seating.""",https://serpapi.com/images/url/IePEMXicuxmXUVJSUGylr5-TYayXnp-fnpNaWpxalJyfV5KaV6KXnJ-rX6Dv6GYYmFng6-fjFpkUku-V6eVk4uMX7h5VaO4bUhEekBzhXBmVbhmZmebu6GhbbmGgm2FoYKabrZuXDwCdgyDw
The Annex (within Chye Seng Huat Hardware),+65 6299 4321,http://www.pppcoffee.com/,4.4,165,"150 Tyrwhitt Rd, Singapore 207563",,,https://serpapi.com/images/url/O7ScjnicuxmXUVJSUGylr5-TYayXnp-fnpNaWpxalJyfV5KaV6KXnJ-rX6Dv6GYYmFngXxRvWGrmFF5hVG6W5O8RXGjgaeKSaJqfWuKWW2CRmuwbGR-R6mxbbmhsrpthaaSbrZuXDwChMSEd
Main Street Commissary,+65 8133 7644,http://www.instagram.com/mainstreetcommissary,4.6,414,"81 Rowell Rd, Singapore 208014",$$,"""We ordered:
~ Siracha Chicken Brioche
~ Happy Dog
~ Hojicha Latte
.""",https://serpapi.com/images/url/QnWaqHicuxmXUVJSUGylr5-TYayXnp-fnpNaWpxalJyfV5KaV6KXnJ-rX6Dv6GYYmFngG1pgkRyY6ZOS7mViGu6SlmoQ6e-Yn5NbGe_v4W1S5O2THe8eEm5bbmhsrpthaaSbrZuXDwCktyEo
Balance Coffee,,https://www.facebook.com/GeishaSpecialtySG,4.3,199,"9 Ah Hood Rd, EAIM, Singapore 329975",,,https://serpapi.com/images/url/zMvlV3icuxmXUVJSUGylr5-TYayXnp-fnpNaWpxalJyfV5KaV6KXnJ-rX6Dv6GYYmFng56tr5JFhVF7lkucX7pjiGGbm5eYUHlpSGW-WneRTZRLuHliUrmtbbmhmrJthaaSbrZuXDwCU4yDO
Hello Arigato Everton Park,+65 8308 0103,http://helloarigato.com/,4.4,135,"4 Everton Park, #01-42, Singapore 080004",,"""The dog also approves!""",https://serpapi.com/images/url/bhKjynicBcFRboIwGADgE1UKOKRLfGjqWh2bCVoVfVlYRRqF_qUtzni_HWK32ff9_eoQrH-Nok6nkxag7ZrRN06BCY0JEwV91FqPlEc-oozoqYFZIa3PTRHLfH31bli7Wm_LUmxJfV48guwZdreM9iUwxdPTJWzsTuBPSUb3xXHuzhdmiSUf5Th7fB-Xxcp2wBKlq7jJOBOEULoXb0lavNO6HZKBW_S8jnchn1Adan4y9868zH9yjHSMM3RDBv4BunhEOw
Two Blur Guys,+65 6636 4183,https://twoblurguys.com/,4.3,762,"387 Jln Besar, Singapore 209002",$$,"""Amazing servic, friendly staff and most importantly, pet friendly!""",https://serpapi.com/images/url/SmA-IHicuxmXUVJSUGylr5-TYayXnp-fnpNaWpxalJyfV5KaV6KXnJ-rX6Dv6GYYmFkQEJGfH-mW7BRkVBDvZOafGl8anOxiUmGS7JzmXOXpneZW5J_okmRbbmhgrJthaaSbrZuXDwCpWSE-
Seeds Cafe,,https://www.facebook.com/seedscafesg/,4.2,108,"501 Margaret Dr, #01-K1, Rainbow Centre, Singapore 149306",$,,https://serpapi.com/images/url/wIe82HicuxmXUVJSUGylr5-TYayXnp-fnpNaWpxalJyfV5KaV6KXnJ-rX6Dv6GYYmFng659S4Wec42YR4uSbnm9QYZZl6qlrFupXml2WV5jlHBAaHFweWmBbbmhkopthaaSbrZuXDwCilCFK
OLLA Specialty Coffee (Clementi),,http://www.ollacoffee.com/,4.5,598,"381 Clementi Ave 5, #01-402, Singapore 120381",,"""Had an outdoor section which is pet friendly.""",https://serpapi.com/images/url/msIivnicBcFRcoIwEADQE0UkYoTO9KOiFdSKURDxx6kBWVESh11whvt5iN6m7_29geiJH5b1gNGgNKZ8FC0WjTKaCk0DZWqrfCJTyND68j1wtJkFbpbmGIqm_c2vy-XBH94UFlK0UvV0DERlwyiB3OxXqermvkOTb-8nlxsenDImwjry6wia6_kSZ7Ynqj7p4vGa2nLNg_Dez5NqR_0ZzSHeyGTrThS4IPVWpIto1fEhHffTGj9fNucMPM7uTJt_wh9EVw
Lucy Eating House,,,,,"226C Ang Mo Kio Ave 1, Singapore 563226",,,https://serpapi.com/images/url/lVkeaXicHc1BDsIgEADA33ArhV5sTYg3E88mpvFiKCJgKLvCWtTX-C1_o_EDM5-3J8KybttC2Vpagq0YHjaWBjV3AC5ajaFwA3O7yJb8fZ6SDnGDOkE4q2Y3Xo8JRAPb_aHiK4_lRo6Z6WRisIlUsTobz139iRnO3GFhVfWCeTV07KmrkoPkfSe6FcNAxivB_ssFFiWF-AKkuToa
Zorba The Greek Taverna,+65 8218 5602,http://zorba.sg/,4.4,1985,"3A River Valley Road, Clarke Quay, Block A, ORA 1, Singapore 179020",,"""This place is pet friendly and the staff were very attentive to dogs.""",https://serpapi.com/images/url/6L6H5XicBcFRToMwGADgE3WUlpVh4gPbyEDJos7GbS8mNvC3FttCy0Au6Bm8zb7v_0-G4PxDFHWSrsBa6JrRN4OwJjQmrIT9icB5JDzyUb7LZGJcT1tQ7u2Wc5ZIwsVUI1C8UMlp89LFVcpxX5e2CNQ99XS8lmS54KPSNMmWvD3MJUxdep6rlFizjzG5ve_Zh674K_vUtRP4ubpe1m07ZrEsQAy7X8i3p4UNWXrUZyXI9uvbzbiBx2mDkYwxQxoZewft7EQU
Bakes For Paws,+65 8448 6742,,,,"92 Punggol Dr., Singapore 828795",,,https://serpapi.com/images/url/icP-U3icHc1LDsIgFADA27CTT5tUa0JcuzSabhtKkUdC4QWwaE_jtbyNxgvMfN5QCuYjY7kkY8rqTEX3ND7vUFEbo_VGoctUx4WtghV4LFNQzp9QhehmedXDzQL27YWHDbYh789ja4meRu2dCUVmo5IGautPTHGmFjOp8sAJyL4hL1VlIzraiF50BF3RIDn5L_e4SsH5F4H5OZw
Stella Seaside Lounge,+65 6214 9168,http://www.stella.com.sg/,4.2,2287,"11 Changi Coast Walk, Singapore 499740",$$,"""The food was delicious, and the place is pet friendly too.""",https://serpapi.com/images/url/3EXT7HicuxmXUVJSUGylr5-TYayXnp-fnpNaWpxalJyfV5KaV6KXnJ-rX6Dv6GYYmFkQ4Fhsmu3p5GUUaOxc7p3kH2BQFlaU5hGS5JuUlmwSkFhanJRamGpbbmhsoZthaaSbrZuXDwCgAyFn
Corgi's Talk Cafe,+60 7-585 9836,https://instagram.com/corgistalk_cafe?igshid=MzRlODBiNWFlZA==,4.3,222,"31A, Jalan Eko Botani 3/4, Taman Eko Botani, 79100 Iskandar Puteri, Johor, Malaysia",,"""We had amazing doggo experience here, the dogs are friendly not human shy.""",https://serpapi.com/images/url/clkeB3icBcFbcoIwFADQFQWCpIDO-BEZp8PDJ9pCfxxIQ7BCorlB0PW5CXfTc96vxpgrzGy7bVxLKCVa3gPXTEnDpbGY6mxxBcQAgU3DaUPkjbgxJiASmqddVbHR_TwW3cln8on7w5lvJ5TGxvC9gwp9iVXql6cRDxPnb7m-_-D6vnv4SVmTEOtsuYt6yKPx9-PZlt-LjRJdpAO9CRGpq6_HGAfZYjUUHvUg89J6Guh8ffTPoOZDgFHjYA9dkFT_WoVDrw
Caf√© Carrera by Baker & Cook,+65 8588 6132,http://www.bakerandcook.com/,4.5,50,"130 Beach Rd, #01-11, Guoco Midtown, Singapore 189774",$$,"""Parking is easy and outdoor area is dog friendly.""",https://serpapi.com/images/url/HsXoe3icuxmbUVJSUGylr5-TYayXnp-fnpNaWpxalJyfV5KaV6KXnJ-rX6Dv6GYYmFkQYBngm5RS6e3mHewdmmphZGRQHmme4ZvoFZKT7BpqkZ9Xnp-VEmxbbmmkmwHE2bp5-QB6lSDx
WoofWaggers,,,,,,,,https://serpapi.com/images/url/pp5HI3icuxmbUVJSUGylr5-TYayXnp-fnpNaWpxalJyfV5KaV6KXnJ-rX6Dv6GYYmFngm2xq4h-QXeJXlhKcGGme5uxlFuRmapEa5mtUmBzibZ7km51dZmJbbmGim2FppJutm5cPAHcwIJE
BarknBake.co Tiong Bahru (Self-Serve),+65 8800 0650,http://barknbake.co/,5,6,"68 Seng Poh Ln, #01-10A, Singapore 160068",,,https://serpapi.com/images/url/e_jo63icuxmXUVJSUGylr5-TYayXnp-fnpNaWpxalJyfV5KaV6KXnJ-rX6Dv6GYYmFng65tiHhXoYVDm7JhhEhoeaelsVBxpGWRolOddZZrsleWfFJ5pUGhbbmGgm2FoYKabrZuXDwCHBSBi
Jurong Cafe,,,,,"134 Jurong E St 13, Singapore 600134",,,https://serpapi.com/images/url/mAFmx3icHc1NCgIhGADQ27jLn4nKAmk1QauoINqFY45-4Iwfo2ndpmt1m6ILvPd5-5wxbRhLebI2F7AV4WlDmqGmLkYXrEZI1MSBFcGyfwzdqCFsUY8R7sq3JxmC3PfttRwPZ3cBFLtKTHczAeyYVbJ6Mp66-hOneKcOE6lKcuLVuiEvXZVoBF0t5HxJELLxipP_0seiBOdfeCA5iQ
Hathaway,+65 9665 0681,https://www.hathaway.com.sg/,4.4,560,"168 Robinson Rd, #01-01/02, Capital Tower, Singapore 068912",,"""... seating is shaded and had good fan circulation, also dog friendly.""",https://serpapi.com/images/url/QI-GBnicuxmXUVJSUGylr5-TYayXnp-fnpNaWpxalJyfV5KaV6KXnJ-rX6Dv6GYYmFngG5GemRvhZ5bmGOAeVpgZkh4SGu9mUl6Z7ZyVnVScnBuVE1RUYmFbbmhsoZthaaSbrZuXDwDCjyI1
Tomahawk - Contemporary Steakhouse (Novena),+65 8261 3992,http://www.tomahawk.com.sg/,4.2,638,"273, #01-06 Thomson Rd, Novena Gardens, Singapore 307644",$$,"""Great staff, attentive superb service and super dog friendly.""",https://serpapi.com/images/url/JYP543icuxmXUVJSUGylr5-TYayXnp-fnpNaWpxalJyfV5KaV6KXnJ-rX6Dv6GYYmFngG5xX6uaX4miYU2iapZsbEJVS7uRYZpwTH5ppYWbpWJZalhWQFGVbbmhsqZthaaSbrZuXDwCsYCFr
Pawject A√ßai,+65 8864 0387,,,,"Sin Ming Ave, Singapore 570443",,,https://serpapi.com/images/url/ce9La3icHc1fCsIgHADg2_iWurHaFkgQ_YEeBoN66WU4Z_oDN2Wartt0rW5TdIHv-7x1CM5vCfFhljJEkMnBIo1fOY6VtcpI7sBjYUcSMxL0c-wnDmbn-GRhYIfTxVXXrontAsemKvX5dt-3SPSdMCCnwLzks9BYpZ842wEr51FiFUWa1Tl68cTyusDrTZGXyEEQmlH0Xx42sozSL1fQOSc
Little Chubby Cafe,+60 11-1166 3688,https://instagram.com/littlechubby.cafe?igshid=YmM0MjE2YWMzOA==,4.7,55,"B-02-25, Eco Palladium, Jln Ekoflora 7/2, 81100 Johor Bahru, Johor, Malaysia",,"""Super cute dogs and friendly, will comeback again when nearby""",https://serpapi.com/images/url/HXwdz3icBcFbUoMwFADQFaU8AtI64wct8GPKWMdIyw8jMZApaZJyLyJs0DW4m57z_6cQHTx7nlZ001vbazmBHIU1KA1uhL15vQMigICXHnYqMiO_CpBA8zHSjSoilqF_0uy1TF3286aXwsdE5nH8PnX4sT_KlfEDdk2xJNfPWpSBoV9tF0JWFzlbvs_BPT633QW3la7Hej6KuCpXmQ3I5Zy6Kl0h3FP3m7Pb0C9T4jeKc7917vQyB0-UqF1IBmLsA51KRl4
Common Man Coffee Roasters - Quayside Isle,+65 6877 4892,https://commonmancoffeeroasters.com/?utm_source=google&utm_medium=organic&utm_campaign=gmb_quayside_isle,4.5,158,"31 Ocean Way, #01-09, Singapore 098375",,"""Place is pet friendly with good views.""",https://serpapi.com/images/url/Bg2sqXicuxmXUVJSUGylr5-TYayXnp-fnpNaWpxalJyfV5KaV6KXnJ-rX6Dv6GYYmFngG-ZZHlZhWFkSWhji5ROYmOpTaBhZbFDs4RkflpRiXGmom1bmXGZbbmhopJthaaSbrZuXDwC3ySGU
1932 Story,+65 8766 4223,,4.1,536,"1005 Bukit Timah Rd, Singapore 596121",,"""It's not easy to find a dog friendly cafe who also serves decent food.""",https://serpapi.com/images/url/MdCconicuxmXUVJSUGylr5-TYayXnp-fnpNaWpxalJyfV5KaV6KXnJ-rX6Dv6GYYmFng65LrUeBuFhJYZViZbJBilpNVnGfgGOAYVhCREpaT4Z3vmhTmlWJbbmGgm2FoYKabrZuXDwCrEiFp
K.Cafe,,,,,"14 Jln Tampang, Singapore 758958",,,https://serpapi.com/images/url/enFiT3icBcHbDoIgAADQLyJzysC2HtTM1bq4tLy8NDKEkqACM_u-fqK_6Zzflxtz1xPLEtwZMaWYoJ2mz1pJQ6UZ1epmsbsGtQba8kOPu_Ixu8yjXSCSNHsfi8b3MhjD9W3oKen4OyX7XIjkpRGvVgVJOriqMIi9a1lekE0zgp0gIM0iP5FkSHMYNtSPYLkoQlPHcjtfRj1C3O6GsfuJEWvO2SassIOr6OAdngxB6tIWtNMejwG3EQItkOoPWPdC1g
The Rochdale,,https://social.quandoo.com/en/groups/The%20Rochdale,4.4,11,"19 Rochdale Rd, Singapore 535834",,"""Dog friendly outdoor sitting area is a huge plus.""",https://serpapi.com/images/url/BXxGM3icuxmXUVJSUGylr5-TYayXnp-fnpNaWpxalJyfV5KaV6KXnJ-rX6Dv6GYYmFng6-xq6lxe4B7oUZHnUWmU6FsZkpiXnR0QkOyZY5aRX2JZ4hxZkGpbbmhsqpthaaSbrZuXDwC2LyHf
Treatos Cafe,+65 9669 5117,,3.7,3,"8 Jln Kubor, Singapore 199207",,"""The owners are dog lovers and were very friendly towards us.""",https://serpapi.com/images/url/yFi58nicBcHdboIwGADQJ_oEsYZ1yS4EyQggMMCg3hjsWCt2LdIiP-_nQ_g2nvN6Mq1b9WkYnK0WVErK617VHZFC10IviPw3aKuAKFDGxsUMiW76yMI-5eN3mMV9zsk09X_rrkKxfwIYsnHnFw2KIzQeLYrJDEV03A2_In84qXtPvKa8b6q9ef3hTDoHT8dw0wInpa2UJQKtmrlJxuGc-WF1eUS5bW4Du-VpGzj7E535FVvILJdfw3JlA8MW3EDINy1URTY
Kelo Cafe + Gastrobar (Keto-friendly),+65 8920 2007,https://kelofood.sg/,4.9,79,"134 Jln Besar, K2, Guesthouse Central, Singapore 208852",,"""It‚Äôs pet friendly restaurant with air conditioning.""",https://serpapi.com/images/url/OpSgUXicuxmXUVJSUGylr5-TYayXnp-fnpNaWpxalJyfV5KaV6KXnJ-rX6Dv6GYYmFngX2QRXlYYmhto4pFnGeVRYVhknJxRWl5uGGHu461r6l1sEZZfEmpbbmGgm2FoYKabrZuXDwCs3CE-
